species_requested,scientificName,country,decimalLatitude,decimalLongitude,eventDate,year,basisOfRecord,institutionCode,datasetName,gbifID
Aedes aegypti,"Aedes aegypti (Linnaeus, 1762)",Kenya,-1.290199,36.866952,2025-05-07T14:24:05,2025,HUMAN_OBSERVATION,iNaturalist,iNaturalist research-grade observations,5217289902
Aedes aegypti,"Aedes aegypti (Linnaeus, 1762)",Uganda,0.331297,32.619812,2025-06-16T09:57:45,2025,HUMAN_OBSERVATION,iNaturalist,iNaturalist research-grade observations,6130965211
Aedes aegypti,"Aedes aegypti (Linnaeus, 1762)","Tanzania, United Republic of",-3.200522,36.719117,2024-05-27T17:41:56,2024,HUMAN_OBSERVATION,iNaturalist,iNaturalist research-grade observations,4875053727
Aedes aegypti,"Aedes aegypti (Linnaeus, 1762)",Kenya,-1.223707,36.896778,2024-06-07T16:33,2024,HUMAN_OBSERVATION,iNaturalist,iNaturalist research-grade observations,4980518172
Aedes aegypti,"Aedes aegypti (Linnaeus, 1762)","Tanzania, United Republic of",-7.396617,37.0017,2024-09-15T18:14:13,2024,HUMAN_OBSERVATION,iNaturalist,iNaturalist research-grade observations,4954603842
Aedes aegypti,"Aedes aegypti (Linnaeus, 1762)",Kenya,-1.224642,36.897025,2023-04-28T13:50,2023,HUMAN_OBSERVATION,iNaturalist,iNaturalist research-grade observations,4440760723
Aedes aegypti,"Aedes aegypti (Linnaeus, 1762)",Kenya,0.4695,35.9833,2023-08-16,2023,MATERIAL_SAMPLE,,,6354336324
Aedes aegypti,"Aedes aegypti (Linnaeus, 1762)",Kenya,0.4695,35.9833,2023-08-19,2023,MATERIAL_SAMPLE,,,6354432431
Aedes aegypti,"Aedes aegypti (Linnaeus, 1762)",Kenya,0.4695,35.9833,2023-08-17,2023,MATERIAL_SAMPLE,,,6354432444
Aedes aegypti,"Aedes aegypti (Linnaeus, 1762)",Kenya,0.4695,35.9833,2023-08-10,2023,MATERIAL_SAMPLE,,,6354465305
Aedes aegypti,"Aedes aegypti (Linnaeus, 1762)",Kenya,0.4695,35.9833,2023-08-10,2023,MATERIAL_SAMPLE,,,6354478404
Aedes aegypti,"Aedes aegypti (Linnaeus, 1762)",Kenya,-1.324763,36.963512,2023-11-15T17:53,2023,HUMAN_OBSERVATION,iNaturalist,iNaturalist research-grade observations,4442449102
Aedes aegypti,"Aedes aegypti (Linnaeus, 1762)",Kenya,0.4695,35.9833,2023-11-23,2023,MATERIAL_SAMPLE,,,6354283348
Aedes aegypti,"Aedes aegypti (Linnaeus, 1762)",Kenya,0.4695,35.9833,2023-11-23,2023,MATERIAL_SAMPLE,,,6354285448
Aedes aegypti,"Aedes aegypti (Linnaeus, 1762)",Kenya,0.4695,35.9833,2023-11-23,2023,MATERIAL_SAMPLE,,,6354326457
Aedes aegypti,"Aedes aegypti (Linnaeus, 1762)",Kenya,0.4695,35.9833,2023-11-26,2023,MATERIAL_SAMPLE,,,6354341452
Aedes aegypti,"Aedes aegypti (Linnaeus, 1762)",Kenya,0.4695,35.9833,2023-11-23,2023,MATERIAL_SAMPLE,,,6354397359
Aedes aegypti,"Aedes aegypti (Linnaeus, 1762)",Kenya,0.4695,35.9833,2023-11-23,2023,MATERIAL_SAMPLE,,,6354413401
Aedes aegypti,"Aedes aegypti (Linnaeus, 1762)",Kenya,0.4695,35.9833,2023-11-27,2023,MATERIAL_SAMPLE,,,6354440371
Aedes aegypti,"Aedes aegypti (Linnaeus, 1762)",Kenya,0.4695,35.9833,2023-11-25,2023,MATERIAL_SAMPLE,,,6354497307
Aedes aegypti,"Aedes aegypti (Linnaeus, 1762)",Kenya,0.4695,35.9833,2023-11-23,2023,MATERIAL_SAMPLE,,,6354512392
Aedes aegypti,"Aedes aegypti (Linnaeus, 1762)",Kenya,0.4695,35.9833,2023-12-03,2023,MATERIAL_SAMPLE,,,6354304311
Aedes aegypti,"Aedes aegypti (Linnaeus, 1762)",Kenya,0.4695,35.9833,2023-12-02,2023,MATERIAL_SAMPLE,,,6354326405
Aedes aegypti,"Aedes aegypti (Linnaeus, 1762)",Kenya,0.4695,35.9833,2023-12-02,2023,MATERIAL_SAMPLE,,,6354390439
Aedes aegypti,"Aedes aegypti (Linnaeus, 1762)",Kenya,0.4695,35.9833,2023-12-03,2023,MATERIAL_SAMPLE,,,6354494405
Aedes aegypti,"Aedes aegypti (Linnaeus, 1762)",Kenya,0.4695,35.9833,2023-12-03,2023,MATERIAL_SAMPLE,,,6354544360
Aedes aegypti,"Aedes aegypti (Linnaeus, 1762)",Kenya,0.4695,35.9833,2023-12-03,2023,MATERIAL_SAMPLE,,,6354545320
Aedes aegypti,"Aedes aegypti (Linnaeus, 1762)",Kenya,-1.267162,36.821087,2022-04-21T17:34,2022,HUMAN_OBSERVATION,iNaturalist,iNaturalist research-grade observations,4440631504
Aedes aegypti,"Aedes aegypti (Linnaeus, 1762)",Kenya,-1.22139,36.896315,2022-06-10T00:46,2022,HUMAN_OBSERVATION,iNaturalist,iNaturalist research-grade observations,3858505176
Aedes aegypti,"Aedes aegypti (Linnaeus, 1762)",Kenya,0.4695,35.9833,2022-09-27,2022,MATERIAL_SAMPLE,,,6354262358
Aedes aegypti,"Aedes aegypti (Linnaeus, 1762)",Kenya,0.4695,35.9833,2022-09-30,2022,MATERIAL_SAMPLE,,,6354278315
Aedes aegypti,"Aedes aegypti (Linnaeus, 1762)",Kenya,0.4695,35.9833,2022-09-29,2022,MATERIAL_SAMPLE,,,6354287455
Aedes aegypti,"Aedes aegypti (Linnaeus, 1762)",Kenya,0.4695,35.9833,2022-09-29,2022,MATERIAL_SAMPLE,,,6354295366
Aedes aegypti,"Aedes aegypti (Linnaeus, 1762)",Kenya,0.4695,35.9833,2022-09-27,2022,MATERIAL_SAMPLE,,,6354337437
Aedes aegypti,"Aedes aegypti (Linnaeus, 1762)",Kenya,0.4695,35.9833,2022-09-27,2022,MATERIAL_SAMPLE,,,6354344369
Aedes aegypti,"Aedes aegypti (Linnaeus, 1762)",Kenya,0.4695,35.9833,2022-09-30,2022,MATERIAL_SAMPLE,,,6354429386
Aedes aegypti,"Aedes aegypti (Linnaeus, 1762)",Kenya,0.4695,35.9833,2022-09-27,2022,MATERIAL_SAMPLE,,,6354461372
Aedes aegypti,"Aedes aegypti (Linnaeus, 1762)",Kenya,0.4695,35.9833,2022-09-30,2022,MATERIAL_SAMPLE,,,6354479363
Aedes aegypti,"Aedes aegypti (Linnaeus, 1762)","Tanzania, United Republic of",-3.33076,35.7022,2020-03-28,2020,HUMAN_OBSERVATION,NM-AIST,Invertebrates of the Lake Manyara sub-basin,4065055455
Aedes aegypti,"Aedes aegypti (Linnaeus, 1762)","Tanzania, United Republic of",-3.37167,35.855,2020-03-30,2020,HUMAN_OBSERVATION,NM-AIST,Invertebrates of the Lake Manyara sub-basin,4065056061
Aedes aegypti,"Aedes aegypti (Linnaeus, 1762)","Tanzania, United Republic of",-4.22179,35.74815,2020-04-04,2020,HUMAN_OBSERVATION,NM-AIST,Invertebrates of the Lake Manyara sub-basin,4065056009
Aedes aegypti,"Aedes aegypti (Linnaeus, 1762)","Tanzania, United Republic of",-4.03222,35.77491,2019-05-21,2019,HUMAN_OBSERVATION,NM-AIST,Invertebrates of the Lake Manyara sub-basin,4065055787
Aedes aegypti,"Aedes aegypti (Linnaeus, 1762)",Rwanda,-1.918035,30.064014,2019-12-09T10:46,2019,HUMAN_OBSERVATION,iNaturalist,iNaturalist research-grade observations,2529407529
Aedes aegypti,"Aedes aegypti (Linnaeus, 1762)",Kenya,-1.360571,36.721594,2017-10-28T00:00:11,2017,HUMAN_OBSERVATION,iNaturalist,iNaturalist research-grade observations,1950037052
Aedes aegypti,BOLD:AAA4211,Kenya,-1.545561,35.01823,2016-06-28,2016,MATERIAL_SAMPLE,"Mined from GenBank, NCBI",,2979501493
Aedes aegypti,BOLD:AAA4211,Kenya,-1.545561,35.01823,2016-06-28,2016,MATERIAL_SAMPLE,"Mined from GenBank, NCBI",,2979650420
Aedes aegypti,"Aedes aegypti (Linnaeus, 1762)",Kenya,-1.55,35.02,2016-06-28,2016,MATERIAL_SAMPLE,,,3351601440
Aedes aegypti,"Aedes aegypti (Linnaeus, 1762)",Kenya,-1.55,35.02,2016-06-28,2016,MATERIAL_SAMPLE,,,3351615048
Aedes aegypti,BOLD:AAA4211,Kenya,-0.0539,34.77178,2016-06-26,2016,MATERIAL_SAMPLE,"Mined from GenBank, NCBI",,4038907728
Aedes aegypti,BOLD:AAA4211,Kenya,-0.0539,34.77178,2016-06-26,2016,MATERIAL_SAMPLE,"Mined from GenBank, NCBI",,4038917762
Aedes aegypti,BOLD:AAA4211,Kenya,-0.0539,34.77178,2016-06-26,2016,MATERIAL_SAMPLE,"Mined from GenBank, NCBI",,4038919781
Aedes aegypti,BOLD:AAA4211,Kenya,-0.0539,34.77178,2016-06-26,2016,MATERIAL_SAMPLE,"Mined from GenBank, NCBI",,4038922739
Aedes aegypti,BOLD:AAA4211,Kenya,-0.0539,34.77178,2016-06-26,2016,MATERIAL_SAMPLE,"Mined from GenBank, NCBI",,4038927751
Aedes aegypti,BOLD:AAA4211,Kenya,-0.0539,34.77178,2016-06-26,2016,MATERIAL_SAMPLE,"Mined from GenBank, NCBI",,4038929759
Aedes aegypti,BOLD:AAA4211,Kenya,-0.0539,34.77178,2016-06-26,2016,MATERIAL_SAMPLE,"Mined from GenBank, NCBI",,4038930769
Aedes aegypti,BOLD:AAA4211,Kenya,-0.0539,34.77178,2016-06-26,2016,MATERIAL_SAMPLE,"Mined from GenBank, NCBI",,4038934748
Aedes aegypti,BOLD:AAA4211,Kenya,-0.0539,34.77178,2016-06-26,2016,MATERIAL_SAMPLE,"Mined from GenBank, NCBI",,4038935673
Aedes aegypti,BOLD:AAA4211,Kenya,-0.0539,34.77178,2016-06-26,2016,MATERIAL_SAMPLE,"Mined from GenBank, NCBI",,4038938729
Aedes aegypti,BOLD:AAA4211,Kenya,-0.0539,34.77178,2016-06-26,2016,MATERIAL_SAMPLE,"Mined from GenBank, NCBI",,4038939767
Aedes aegypti,BOLD:AAA4211,Kenya,-0.0539,34.77178,2016-06-26,2016,MATERIAL_SAMPLE,"Mined from GenBank, NCBI",,4038940745
Aedes aegypti,BOLD:AAA4211,Kenya,-0.0539,34.77178,2016-06-26,2016,MATERIAL_SAMPLE,"Mined from GenBank, NCBI",,4038947729
Aedes aegypti,BOLD:AAA4211,Kenya,-0.0539,34.77178,2016-06-26,2016,MATERIAL_SAMPLE,"Mined from GenBank, NCBI",,4039091721
Aedes aegypti,BOLD:AAA4211,Kenya,-0.0539,34.77178,2016-06-26,2016,MATERIAL_SAMPLE,"Mined from GenBank, NCBI",,4039091722
Aedes aegypti,BOLD:AAA4211,Kenya,-0.0539,34.77178,2016-06-26,2016,MATERIAL_SAMPLE,"Mined from GenBank, NCBI",,4039098771
Aedes aegypti,BOLD:AAA4211,Kenya,-0.0539,34.77178,2016-06-26,2016,MATERIAL_SAMPLE,"Mined from GenBank, NCBI",,4039106739
Aedes aegypti,BOLD:AAA4211,Kenya,-0.0539,34.77178,2016-10-27,2016,MATERIAL_SAMPLE,"Mined from GenBank, NCBI",,2633311712
Aedes aegypti,BOLD:AAA4211,Kenya,-0.0539,34.77178,2016-10-27,2016,MATERIAL_SAMPLE,"Mined from GenBank, NCBI",,2633399769
Aedes aegypti,BOLD:AAA4211,Kenya,-0.0539,34.77178,2016-10-27,2016,MATERIAL_SAMPLE,"Mined from GenBank, NCBI",,2633400715
Aedes aegypti,BOLD:AAA4211,Kenya,-0.0539,34.77178,2016-10-27,2016,MATERIAL_SAMPLE,"Mined from GenBank, NCBI",,2633750796
Aedes aegypti,BOLD:AAA4211,Kenya,-0.0539,34.77178,2016-10-27,2016,MATERIAL_SAMPLE,"Mined from GenBank, NCBI",,2633755769
Aedes aegypti,BOLD:AAA4211,Kenya,-0.0539,34.77178,2016-10-27,2016,MATERIAL_SAMPLE,"Mined from GenBank, NCBI",,2633759765
Aedes aegypti,"Aedes aegypti (Linnaeus, 1762)",Kenya,-0.0539,34.77178,2016-10-27,2016,MATERIAL_SAMPLE,"Mined from GenBank, NCBI",,2633766736
Aedes aegypti,BOLD:AAA4211,Kenya,-0.0539,34.77178,2016-10-27,2016,MATERIAL_SAMPLE,"Mined from GenBank, NCBI",,2633781771
Aedes aegypti,BOLD:AAA4211,Kenya,-0.0539,34.77178,2016-10-27,2016,MATERIAL_SAMPLE,"Mined from GenBank, NCBI",,2633838820
Aedes aegypti,BOLD:AAA4211,Kenya,-0.0539,34.77178,2016-10-27,2016,MATERIAL_SAMPLE,"Mined from GenBank, NCBI",,2633842779
Aedes aegypti,"Aedes aegypti (Linnaeus, 1762)",Kenya,-0.05,34.77,2016-10-27,2016,PRESERVED_SPECIMEN,,,3351451902
Aedes aegypti,"Aedes aegypti (Linnaeus, 1762)",Kenya,-0.05,34.77,2016-10-27,2016,PRESERVED_SPECIMEN,,,3351512708
Aedes aegypti,"Aedes aegypti (Linnaeus, 1762)",Kenya,-0.05,34.77,2016-10-27,2016,PRESERVED_SPECIMEN,,,3351512709
Aedes aegypti,"Aedes aegypti (Linnaeus, 1762)",Kenya,-0.05,34.77,2016-10-27,2016,PRESERVED_SPECIMEN,,,3351574720
Aedes aegypti,"Aedes aegypti (Linnaeus, 1762)",Kenya,-0.05,34.77,2016-10-27,2016,PRESERVED_SPECIMEN,,,3351579825
Aedes aegypti,"Aedes aegypti (Linnaeus, 1762)",Kenya,-0.05,34.77,2016-10-27,2016,PRESERVED_SPECIMEN,,,3351582669
Aedes aegypti,"Aedes aegypti (Linnaeus, 1762)",Kenya,-0.05,34.77,2016-10-27,2016,PRESERVED_SPECIMEN,,,3351609692
Aedes aegypti,BOLD:AAA4211,Kenya,-1.2176,36.82682,2016-11-16,2016,MATERIAL_SAMPLE,"Mined from GenBank, NCBI",,4038917763
Aedes aegypti,BOLD:AAA4211,Kenya,-1.2176,36.82682,2016-11-16,2016,MATERIAL_SAMPLE,"Mined from GenBank, NCBI",,4038923740
Aedes aegypti,BOLD:AAA4211,Kenya,-1.2176,36.82682,2016-11-16,2016,MATERIAL_SAMPLE,"Mined from GenBank, NCBI",,4038926743
Aedes aegypti,BOLD:AAA4211,Kenya,-1.2176,36.82682,2016-11-16,2016,MATERIAL_SAMPLE,"Mined from GenBank, NCBI",,4038927750
Aedes aegypti,BOLD:AAA4211,Kenya,-1.2176,36.82682,2016-11-16,2016,MATERIAL_SAMPLE,"Mined from GenBank, NCBI",,4038928704
Aedes aegypti,BOLD:AAA4211,Kenya,-1.2176,36.82682,2016-11-16,2016,MATERIAL_SAMPLE,"Mined from GenBank, NCBI",,4038928705
Aedes aegypti,BOLD:AAA4211,Kenya,-1.2176,36.82682,2016-11-16,2016,MATERIAL_SAMPLE,"Mined from GenBank, NCBI",,4038929760
Aedes aegypti,BOLD:AAA4211,Kenya,-1.2176,36.82682,2016-11-16,2016,MATERIAL_SAMPLE,"Mined from GenBank, NCBI",,4038936757
Aedes aegypti,BOLD:AAA4211,Kenya,-1.2176,36.82682,2016-11-16,2016,MATERIAL_SAMPLE,"Mined from GenBank, NCBI",,4038939766
Aedes aegypti,BOLD:AAA4211,Kenya,-1.2176,36.82682,2016-11-16,2016,MATERIAL_SAMPLE,"Mined from GenBank, NCBI",,4038941721
Aedes aegypti,BOLD:AAA4211,Kenya,-1.2176,36.82682,2016-11-16,2016,MATERIAL_SAMPLE,"Mined from GenBank, NCBI",,4038945765
Aedes aegypti,BOLD:AAA4211,Kenya,-1.2176,36.82682,2016-11-16,2016,MATERIAL_SAMPLE,"Mined from GenBank, NCBI",,4038947728
Aedes aegypti,BOLD:AAA4211,Kenya,-1.2176,36.82682,2016-11-16,2016,MATERIAL_SAMPLE,"Mined from GenBank, NCBI",,4038955700
Aedes aegypti,BOLD:AAA4211,Kenya,-1.2176,36.82682,2016-11-16,2016,MATERIAL_SAMPLE,"Mined from GenBank, NCBI",,4039089732
Aedes aegypti,BOLD:AAA4211,Kenya,-1.2176,36.82682,2016-11-16,2016,MATERIAL_SAMPLE,"Mined from GenBank, NCBI",,4039089733
Aedes aegypti,BOLD:AAA4211,Kenya,-1.2176,36.82682,2016-11-16,2016,MATERIAL_SAMPLE,"Mined from GenBank, NCBI",,4039095758
Aedes aegypti,BOLD:AAA4211,Kenya,-1.2176,36.82682,2016-11-16,2016,MATERIAL_SAMPLE,"Mined from GenBank, NCBI",,4039097730
Aedes aegypti,BOLD:AAA4211,Kenya,-1.2176,36.82682,2016-11-16,2016,MATERIAL_SAMPLE,"Mined from GenBank, NCBI",,4039103811
Aedes aegypti,"Aedes aegypti (Linnaeus, 1762)",Uganda,0.316316,32.583726,2016-12-11T00:00:08,2016,HUMAN_OBSERVATION,iNaturalist,iNaturalist research-grade observations,1453279546
Aedes aegypti,BOLD:AAA4211,Kenya,-1.2176,36.82682,2016-12-07,2016,MATERIAL_SAMPLE,"Mined from GenBank, NCBI",,2633296832
Aedes aegypti,BOLD:AAA4211,Kenya,-1.2176,36.82682,2016-12-07,2016,MATERIAL_SAMPLE,"Mined from GenBank, NCBI",,2633302761
Aedes aegypti,BOLD:AAA4211,Kenya,-1.2176,36.82682,2016-12-07,2016,MATERIAL_SAMPLE,"Mined from GenBank, NCBI",,2633306770
Aedes aegypti,BOLD:AAA4211,Kenya,-1.2176,36.82682,2016-12-07,2016,MATERIAL_SAMPLE,"Mined from GenBank, NCBI",,2633307835
Aedes aegypti,BOLD:AAA4211,Kenya,-1.2176,36.82682,2016-12-07,2016,MATERIAL_SAMPLE,"Mined from GenBank, NCBI",,2633310891
Aedes aegypti,BOLD:AAA4211,Kenya,-1.2176,36.82682,2016-12-07,2016,MATERIAL_SAMPLE,"Mined from GenBank, NCBI",,2633317745
Aedes aegypti,BOLD:AAA4211,Kenya,-1.2176,36.82682,2016-12-07,2016,MATERIAL_SAMPLE,"Mined from GenBank, NCBI",,2633321809
Aedes aegypti,BOLD:AAA4211,Kenya,-1.2176,36.82682,2016-12-07,2016,MATERIAL_SAMPLE,"Mined from GenBank, NCBI",,2633396759
Aedes aegypti,BOLD:AAA4211,Kenya,-1.2176,36.82682,2016-12-07,2016,MATERIAL_SAMPLE,"Mined from GenBank, NCBI",,2633747815
Aedes aegypti,BOLD:AAA4211,Kenya,-1.2176,36.82682,2016-12-07,2016,MATERIAL_SAMPLE,"Mined from GenBank, NCBI",,2633770765
Aedes aegypti,BOLD:AAA4211,Kenya,-1.2176,36.82682,2016-12-07,2016,MATERIAL_SAMPLE,"Mined from GenBank, NCBI",,2633784798
Aedes aegypti,BOLD:AAA4211,Kenya,-1.2176,36.82682,2016-12-07,2016,MATERIAL_SAMPLE,"Mined from GenBank, NCBI",,2633785782
Aedes aegypti,"Aedes aegypti (Linnaeus, 1762)",Kenya,-1.22,36.83,2016-12-07,2016,PRESERVED_SPECIMEN,,,3349074469
Aedes aegypti,"Aedes aegypti (Linnaeus, 1762)",Kenya,-1.22,36.83,2016-12-07,2016,PRESERVED_SPECIMEN,,,3351422915
Aedes aegypti,"Aedes aegypti (Linnaeus, 1762)",Kenya,-1.22,36.83,2016-12-07,2016,PRESERVED_SPECIMEN,,,3351582670
Aedes aegypti,"Aedes aegypti (Linnaeus, 1762)",Kenya,-1.22,36.83,2016-12-07,2016,PRESERVED_SPECIMEN,,,3817945512
Aedes aegypti,"Aedes aegypti (Linnaeus, 1762)",Kenya,-1.22,36.83,2016-12-07,2016,PRESERVED_SPECIMEN,,,3818383553
Aedes aegypti,BOLD:AAA4211,Kenya,0.293,36.899,2015-04-05,2015,MATERIAL_SAMPLE,Centre for Biodiversity Genomics,,2979398338
Aedes aegypti,BOLD:AAA4211,Kenya,0.293,36.899,2015-06-28,2015,MATERIAL_SAMPLE,Centre for Biodiversity Genomics,,2979470927
Aedes aegypti,BOLD:AAA4211,Kenya,0.689918,37.953094,2014-04-20,2014,MATERIAL_SAMPLE,"Mined from GenBank, NCBI",,2249592221
Aedes aegypti,BOLD:AAA4211,Kenya,0.689918,37.953094,2014-04-20,2014,MATERIAL_SAMPLE,"Mined from GenBank, NCBI",,2249592910
Aedes aegypti,BOLD:AAA4211,Kenya,0.689918,37.953094,2014-04-20,2014,MATERIAL_SAMPLE,"Mined from GenBank, NCBI",,2249592942
Aedes aegypti,BOLD:AAA4211,Kenya,0.689918,37.953094,2014-04-20,2014,MATERIAL_SAMPLE,"Mined from GenBank, NCBI",,2249593321
Aedes aegypti,BOLD:AAA4211,Kenya,0.689918,37.953094,2014-04-20,2014,MATERIAL_SAMPLE,"Mined from GenBank, NCBI",,2249593628
Aedes aegypti,BOLD:AAA4211,Kenya,0.689918,37.953094,2014-04-20,2014,MATERIAL_SAMPLE,"Mined from GenBank, NCBI",,2249594645
Aedes aegypti,BOLD:AAA4211,Kenya,0.689918,37.953094,2014-04-20,2014,MATERIAL_SAMPLE,"Mined from GenBank, NCBI",,2249596268
Aedes aegypti,BOLD:AAA4211,Kenya,0.689918,37.953094,2014-04-20,2014,MATERIAL_SAMPLE,"Mined from GenBank, NCBI",,2249596270
Aedes aegypti,BOLD:AAA4211,Kenya,0.689918,37.953094,2014-04-20,2014,MATERIAL_SAMPLE,"Mined from GenBank, NCBI",,2249596809
Aedes aegypti,BOLD:AAA4211,Kenya,0.689918,37.953094,2014-04-20,2014,MATERIAL_SAMPLE,"Mined from GenBank, NCBI",,2249597664
Aedes aegypti,BOLD:AAA4211,Kenya,0.689918,37.953094,2014-05-17,2014,MATERIAL_SAMPLE,"Mined from GenBank, NCBI",,2249592281
Aedes aegypti,BOLD:AAA4211,Kenya,0.689918,37.953094,2014-05-17,2014,MATERIAL_SAMPLE,"Mined from GenBank, NCBI",,2249592623
Aedes aegypti,BOLD:AAA4211,Kenya,0.689918,37.953094,2014-05-17,2014,MATERIAL_SAMPLE,"Mined from GenBank, NCBI",,2249593457
Aedes aegypti,BOLD:AAA4211,Kenya,0.689918,37.953094,2014-05-17,2014,MATERIAL_SAMPLE,"Mined from GenBank, NCBI",,2249593689
Aedes aegypti,BOLD:AAA4211,Kenya,0.689918,37.953094,2014-05-17,2014,MATERIAL_SAMPLE,"Mined from GenBank, NCBI",,2249594302
Aedes aegypti,BOLD:AAA4211,Kenya,0.689918,37.953094,2014-05-17,2014,MATERIAL_SAMPLE,"Mined from GenBank, NCBI",,2249594312
Aedes aegypti,BOLD:AAA4211,Kenya,0.689918,37.953094,2014-05-17,2014,MATERIAL_SAMPLE,"Mined from GenBank, NCBI",,2249594814
Aedes aegypti,BOLD:AAA4211,Kenya,0.689918,37.953094,2014-05-17,2014,MATERIAL_SAMPLE,"Mined from GenBank, NCBI",,2249595583
Aedes aegypti,BOLD:AAA4211,Kenya,0.689918,37.953094,2014-05-17,2014,MATERIAL_SAMPLE,"Mined from GenBank, NCBI",,2249595611
Aedes aegypti,BOLD:AAA4211,Kenya,0.689918,37.953094,2014-05-17,2014,MATERIAL_SAMPLE,"Mined from GenBank, NCBI",,2249596392
Aedes aegypti,BOLD:AAA4211,Kenya,0.689918,37.953094,2014-05-17,2014,MATERIAL_SAMPLE,"Mined from GenBank, NCBI",,2249596844
Aedes aegypti,BOLD:AAA4211,Kenya,0.689918,37.953094,2014-05-17,2014,MATERIAL_SAMPLE,"Mined from GenBank, NCBI",,2249597093
Aedes aegypti,BOLD:AAA4211,Kenya,0.689918,37.953094,2014-05-17,2014,MATERIAL_SAMPLE,"Mined from GenBank, NCBI",,2249597552
Aedes aegypti,BOLD:AAA4211,"Tanzania, United Republic of",-6.355794,34.81832,2013-05-18,2013,MATERIAL_SAMPLE,"Mined from GenBank, NCBI",,2249593020
Aedes aegypti,BOLD:AAA4211,"Tanzania, United Republic of",-6.355794,34.81832,2013-05-18,2013,MATERIAL_SAMPLE,"Mined from GenBank, NCBI",,2249593045
Aedes aegypti,BOLD:AAA4211,"Tanzania, United Republic of",-6.355794,34.81832,2013-05-18,2013,MATERIAL_SAMPLE,"Mined from GenBank, NCBI",,2249593373
Aedes aegypti,BOLD:AAA4211,"Tanzania, United Republic of",-6.355794,34.81832,2013-05-18,2013,MATERIAL_SAMPLE,"Mined from GenBank, NCBI",,2249593769
Aedes aegypti,BOLD:AAA4211,"Tanzania, United Republic of",-6.355794,34.81832,2013-05-18,2013,MATERIAL_SAMPLE,"Mined from GenBank, NCBI",,2249593876
Aedes aegypti,BOLD:AAA4211,Kenya,-0.455,33.96,2012-05-27,2012,MATERIAL_SAMPLE,"International Centre of Insect Physiology and Ecology, Emerging Infectious Diseases Laboratory",,1415634796
Aedes aegypti,BOLD:AAA4211,Kenya,-0.455,33.96,2012-05-27,2012,MATERIAL_SAMPLE,"International Centre of Insect Physiology and Ecology, Emerging Infectious Diseases Laboratory",,1415634807
Aedes aegypti,BOLD:AAA4211,Kenya,-0.455,33.96,2012-05-27,2012,MATERIAL_SAMPLE,"International Centre of Insect Physiology and Ecology, Emerging Infectious Diseases Laboratory",,1415634809
Aedes aegypti,BOLD:AAA4211,Kenya,-0.455,33.96,2012-05-27,2012,MATERIAL_SAMPLE,"International Centre of Insect Physiology and Ecology, Emerging Infectious Diseases Laboratory",,1415634831
Aedes aegypti,BOLD:AAA4211,Kenya,-0.455,33.96,2012-05-27,2012,MATERIAL_SAMPLE,"International Centre of Insect Physiology and Ecology, Emerging Infectious Diseases Laboratory",,1415634832
Aedes aegypti,BOLD:AAA4211,Kenya,-0.472,34.091,2012-05-30,2012,MATERIAL_SAMPLE,"International Centre of Insect Physiology and Ecology, Emerging Infectious Diseases Laboratory",,1415634880
Aedes aegypti,BOLD:AAA4211,Kenya,0.47294,34.06895,2012-05-26,2012,MATERIAL_SAMPLE,"Mined from GenBank, NCBI",,2249597209
Aedes aegypti,"Aedes aegypti (Linnaeus, 1762)",Kenya,-0.46,33.96,2012-05-27,2012,MATERIAL_SAMPLE,,,3348081359
Aedes aegypti,"Aedes aegypti (Linnaeus, 1762)",Kenya,-0.47,34.07,2012-05-26,2012,MATERIAL_SAMPLE,,,3348081579
Aedes aegypti,"Aedes aegypti (Linnaeus, 1762)",Kenya,-0.46,33.96,2012-05-27,2012,MATERIAL_SAMPLE,,,3348124066
Aedes aegypti,"Aedes aegypti (Linnaeus, 1762)",Kenya,-0.47,34.07,2012-05-26,2012,MATERIAL_SAMPLE,,,3348124300
Aedes aegypti,"Aedes aegypti (Linnaeus, 1762)",Kenya,-0.47,34.09,2012-05-30,2012,MATERIAL_SAMPLE,,,3348143690
Aedes aegypti,"Aedes aegypti (Linnaeus, 1762)",Kenya,-0.46,33.96,2012-05-27,2012,PRESERVED_SPECIMEN,,,3348144820
Aedes aegypti,"Aedes aegypti (Linnaeus, 1762)",Kenya,-0.47,34.09,2012-05-30,2012,MATERIAL_SAMPLE,,,3350889563
Aedes aegypti,"Aedes aegypti (Linnaeus, 1762)",Kenya,-0.46,33.96,2012-05-27,2012,PRESERVED_SPECIMEN,,,3350975129
Aedes aegypti,"Aedes aegypti (Linnaeus, 1762)",Kenya,-0.46,33.96,2012-05-27,2012,PRESERVED_SPECIMEN,,,3351008786
Aedes aegypti,"Aedes aegypti (Linnaeus, 1762)",Kenya,-0.46,33.96,2012-05-27,2012,PRESERVED_SPECIMEN,,,3351013913
Aedes aegypti,"Aedes aegypti (Linnaeus, 1762)",Kenya,-0.46,33.96,2012-05-27,2012,PRESERVED_SPECIMEN,,,3351021141
Aedes aegypti,BOLD:AAA4211,Uganda,1.282173,32.34372,2012-09-18,2012,MATERIAL_SAMPLE,"Mined from GenBank, NCBI",,2249593147
Aedes aegypti,BOLD:AAA4211,Uganda,1.282173,32.34372,2012-09-18,2012,MATERIAL_SAMPLE,"Mined from GenBank, NCBI",,2249593552
Aedes aegypti,BOLD:AAA4211,Uganda,1.282173,32.34372,2012-09-18,2012,MATERIAL_SAMPLE,"Mined from GenBank, NCBI",,2249594227
Aedes aegypti,BOLD:AAA4211,Uganda,1.282173,32.34372,2012-09-18,2012,MATERIAL_SAMPLE,"Mined from GenBank, NCBI",,2249595703
Aedes aegypti,BOLD:AAA4211,Uganda,1.282173,32.34372,2012-10-18,2012,MATERIAL_SAMPLE,"Mined from GenBank, NCBI",,2249592636
Aedes aegypti,BOLD:AAA4211,Uganda,1.282173,32.34372,2012-10-18,2012,MATERIAL_SAMPLE,"Mined from GenBank, NCBI",,2249593942
Aedes aegypti,BOLD:AAA4211,Uganda,1.282173,32.34372,2012-10-18,2012,MATERIAL_SAMPLE,"Mined from GenBank, NCBI",,2249594773
Aedes aegypti,BOLD:AAA4211,Uganda,1.282173,32.34372,2012-10-18,2012,MATERIAL_SAMPLE,"Mined from GenBank, NCBI",,2249595132
Aedes aegypti,BOLD:AAA4211,Uganda,1.282173,32.34372,2012-10-18,2012,MATERIAL_SAMPLE,"Mined from GenBank, NCBI",,2249595323
Aedes aegypti,BOLD:AAA4211,Kenya,-0.453,34.057,2012-11-27,2012,MATERIAL_SAMPLE,"International Centre of Insect Physiology and Ecology, Emerging Infectious Diseases Laboratory",,1415634820
Aedes aegypti,BOLD:AAA4211,Kenya,-0.453,34.057,2012-11-27,2012,MATERIAL_SAMPLE,"International Centre of Insect Physiology and Ecology, Emerging Infectious Diseases Laboratory",,1415634828
Aedes aegypti,BOLD:AAA4211,Kenya,-0.453,34.057,2012-11-27,2012,MATERIAL_SAMPLE,"International Centre of Insect Physiology and Ecology, Emerging Infectious Diseases Laboratory",,1415634857
Aedes aegypti,"Aedes aegypti (Linnaeus, 1762)",Kenya,-0.45,34.06,2012-11-27,2012,MATERIAL_SAMPLE,,,3348089218
Aedes aegypti,"Aedes aegypti (Linnaeus, 1762)",Kenya,-0.43,34.2,2012-11-15,2012,MATERIAL_SAMPLE,,,3348176438
Aedes aegypti,"Aedes aegypti (Linnaeus, 1762)",Kenya,-0.45,34.06,2012-11-27,2012,MATERIAL_SAMPLE,,,3348233493
Aedes aegypti,"Aedes aegypti (Linnaeus, 1762)",Kenya,-0.45,34.06,2012-11-27,2012,PRESERVED_SPECIMEN,,,3348234160
Aedes aegypti,"Aedes aegypti (Linnaeus, 1762)",Kenya,-0.45,34.06,2012-11-27,2012,PRESERVED_SPECIMEN,,,3350863200
Aedes aegypti,"Aedes aegypti (Linnaeus, 1762)",Kenya,-0.43,34.2,2012-11-21,2012,MATERIAL_SAMPLE,,,3350878426
Aedes aegypti,"Aedes aegypti (Linnaeus, 1762)",Kenya,-0.45,34.06,2012-11-27,2012,MATERIAL_SAMPLE,,,3350889334
Aedes aegypti,"Aedes aegypti (Linnaeus, 1762)",Kenya,-0.45,34.06,2012-11-27,2012,PRESERVED_SPECIMEN,,,3351031082
Aedes aegypti,"Aedes aegypti (Linnaeus, 1762)",Kenya,0.37,34.78,2010,2010,MATERIAL_CITATION,,,1264887063
Aedes aegypti,"Aedes aegypti (Linnaeus, 1762)",Kenya,1.09,34.89,2010,2010,MATERIAL_CITATION,,,1264887068
Aedes aegypti,"Aedes aegypti (Linnaeus, 1762)",Kenya,-0.09,34.73,2010,2010,MATERIAL_CITATION,,,1264887092
Aedes aegypti,"Aedes aegypti (Linnaeus, 1762)",Kenya,0.3,34.2,2010,2010,MATERIAL_CITATION,,,1264887094
Aedes aegypti,"Aedes aegypti (Linnaeus, 1762)",Uganda,0.57,30.37,2010,2010,MATERIAL_CITATION,,,1264887216
Aedes aegypti,"Aedes aegypti (Linnaeus, 1762)",Uganda,-0.18,29.9,2010,2010,MATERIAL_CITATION,,,1264887217
Aedes aegypti,"Aedes aegypti (Linnaeus, 1762)",Uganda,0.82,30.17,2010,2010,MATERIAL_CITATION,,,1264887238
Aedes aegypti,"Aedes aegypti (Linnaeus, 1762)",Uganda,-0.18,29.9,2009,2009,MATERIAL_CITATION,,,1264887227
Aedes aegypti,"Aedes aegypti (Linnaeus, 1762)",Uganda,0.82,30.17,2009,2009,MATERIAL_CITATION,,,1264887229
Aedes aegypti,BOLD:AAA4211,Uganda,1.282173,32.34372,2008-07-15,2008,MATERIAL_SAMPLE,"Mined from GenBank, NCBI",,2249549157
Aedes aegypti,"Aedes aegypti (Linnaeus, 1762)",Uganda,1.282173,32.34372,2008-07-15,2008,MATERIAL_SAMPLE,"Mined from GenBank, NCBI",,2249549564
Aedes aegypti,"Aedes aegypti (Linnaeus, 1762)",Uganda,-0.18,29.9,2008,2008,MATERIAL_CITATION,,,1264887220
Aedes aegypti,"Aedes aegypti (Linnaeus, 1762)",Kenya,-1.29,36.82,2004,2004,MATERIAL_CITATION,,,1264886638
Aedes aegypti,"Aedes aegypti (Linnaeus, 1762)",Kenya,0.28,34.75,2004,2004,MATERIAL_CITATION,,,1264886664
Aedes aegypti,"Aedes aegypti (Linnaeus, 1762)",Kenya,0.64,35.61,2004,2004,MATERIAL_CITATION,,,1264886669
Aedes aegypti,"Aedes aegypti (Linnaeus, 1762)",Uganda,0.07,32.47,2004,2004,MATERIAL_CITATION,,,1264888111
Aedes aegypti,"Aedes aegypti (Linnaeus, 1762)",Kenya,-0.1,34.75,2002,2002,MATERIAL_CITATION,,,1264887206
Aedes aegypti,"Aedes aegypti (Linnaeus, 1762)",Kenya,-0.1,34.75,2002,2002,MATERIAL_CITATION,,,1264890465
Aedes aegypti,"Aedes aegypti (Linnaeus, 1762)",Kenya,-3.49,38.44,1976,1976,MATERIAL_CITATION,,,1264890200
Aedes aegypti,"Aedes aegypti (Linnaeus, 1762)",Kenya,-2.54,37.53,1975,1975,MATERIAL_CITATION,,,1264890072
Aedes aegypti,"Aedes aegypti (Linnaeus, 1762)",Kenya,-1.29,36.85,1974,1974,MATERIAL_CITATION,,,1264889890
Aedes aegypti,"Aedes aegypti (Linnaeus, 1762)",Uganda,-0.34,31.73,1972,1972,MATERIAL_CITATION,,,1264889545
Aedes aegypti,"Aedes aegypti (Linnaeus, 1762)",Uganda,-0.4,31.15,1972,1972,MATERIAL_CITATION,,,1264889566
Aedes aegypti,"Aedes aegypti (Linnaeus, 1762)",Uganda,0.71,30.05,1972,1972,MATERIAL_CITATION,,,1264889586
Aedes aegypti,"Aedes aegypti (Linnaeus, 1762)",Uganda,0.32,32.58,1972,1972,MATERIAL_CITATION,,,1264889588
Aedes aegypti,"Aedes aegypti (Linnaeus, 1762)",Uganda,-0.5,30.5,1972,1972,MATERIAL_CITATION,,,1264889596
Aedes aegypti,"Aedes aegypti (Linnaeus, 1762)","Tanzania, United Republic of",-3.62,30.58,1971,1971,MATERIAL_CITATION,,,1264889740
Aedes aegypti,"Aedes aegypti (Linnaeus, 1762)","Tanzania, United Republic of",-8.97,36.3,1970,1970,MATERIAL_CITATION,,,1264889583
Aedes aegypti,"Aedes aegypti (Linnaeus, 1762)","Tanzania, United Republic of",-5.1,38.63,1970,1970,MATERIAL_CITATION,,,1264889844
Aedes aegypti,"Aedes aegypti (Linnaeus, 1762)","Tanzania, United Republic of",-5.17,38.78,1970,1970,MATERIAL_CITATION,,,1264889848
Aedes aegypti,"Aedes aegypti (Linnaeus, 1762)","Tanzania, United Republic of",-8.97,36.3,1970,1970,MATERIAL_CITATION,,,1264889856
Aedes aegypti,"Aedes aegypti (Linnaeus, 1762)","Tanzania, United Republic of",-6.18,35.74,1970,1970,MATERIAL_CITATION,,,1264889866
Aedes aegypti,"Aedes aegypti (Linnaeus, 1762)",Uganda,0.18,32.5,1960,1960,MATERIAL_CITATION,,,1264888813
Aedes aegypti,"Aedes aegypti (Linnaeus, 1762)","Tanzania, United Republic of",-6.17,35.74,,,MATERIAL_CITATION,,,1264888795
Aedes aegypti,"Aedes aegypti (Linnaeus, 1762)",Kenya,-3.49,38.44,,,MATERIAL_CITATION,,,1264889165
Aedes aegypti,"Aedes aegypti (Linnaeus, 1762)",Kenya,-0.67,37.35,,,MATERIAL_CITATION,,,1264889505
Aedes aegypti,"Aedes aegypti (Linnaeus, 1762)","Tanzania, United Republic of",-5.77,38.85,,,MATERIAL_CITATION,,,1264889582
Aedes aegypti,"Aedes aegypti (Linnaeus, 1762)",Uganda,0.17,32.48,,,MATERIAL_CITATION,,,1264889853
Aedes aegypti,"Aedes aegypti (Linnaeus, 1762)","Tanzania, United Republic of",-5.77,38.85,,,MATERIAL_CITATION,,,1264889861
Aedes aegypti,"Aedes aegypti (Linnaeus, 1762)","Tanzania, United Republic of",-5.17,38.78,,,MATERIAL_CITATION,,,1264890169
Aedes aegypti,"Aedes aegypti (Linnaeus, 1762)",Uganda,-0.33,31.73,,,MATERIAL_CITATION,,,1264890188
Aedes aegypti,"Aedes aegypti (Linnaeus, 1762)","Tanzania, United Republic of",-8.97,36.3,,,MATERIAL_CITATION,,,1264890209
Aedes aegypti,"Aedes aegypti (Linnaeus, 1762)",Uganda,-0.61,30.65,,,MATERIAL_CITATION,,,1264890214
Aedes aegypti,"Aedes aegypti (Linnaeus, 1762)","Tanzania, United Republic of",-6.11,35.89,,,MATERIAL_CITATION,,,1264890215
Aedes aegypti,"Aedes aegypti (Linnaeus, 1762)",Uganda,0.15,32.58,,,MATERIAL_CITATION,,,1264890221
Aedes aegypti,BOLD:AAA4211,Uganda,1.282173,32.34372,,,MATERIAL_SAMPLE,"Mined from GenBank, NCBI",,2249984867
Aedes aegypti,BOLD:AAA4211,Kenya,0.689918,37.953094,,,MATERIAL_SAMPLE,"Mined from GenBank, NCBI",,2249984901
Aedes aegypti,BOLD:AAA4211,Uganda,1.282173,32.34372,,,MATERIAL_SAMPLE,"Mined from GenBank, NCBI",,2249985006
Aedes aegypti,BOLD:AAA4211,Kenya,-0.47294,34.06895,,,MATERIAL_SAMPLE,"Mined from GenBank, NCBI",,2249985062
Aedes aegypti,BOLD:AAA4211,Kenya,0.689918,37.953094,,,MATERIAL_SAMPLE,"Mined from GenBank, NCBI",,2249985221
Aedes aegypti,BOLD:AAA4211,Kenya,0.689918,37.953094,,,MATERIAL_SAMPLE,"Mined from GenBank, NCBI",,2249985239
Aedes aegypti,BOLD:AAA4211,Kenya,0.689918,37.953094,,,MATERIAL_SAMPLE,"Mined from GenBank, NCBI",,2249985251
Aedes aegypti,BOLD:AAA4211,Uganda,1.282173,32.34372,,,MATERIAL_SAMPLE,"Mined from GenBank, NCBI",,2249985264
Aedes aegypti,BOLD:AAA4211,Uganda,1.282173,32.34372,,,MATERIAL_SAMPLE,"Mined from GenBank, NCBI",,2249985284
Aedes aegypti,BOLD:AAA4211,Kenya,0.689918,37.953094,,,MATERIAL_SAMPLE,"Mined from GenBank, NCBI",,2249985296
Aedes aegypti,BOLD:AAA4211,Uganda,1.282173,32.34372,,,MATERIAL_SAMPLE,"Mined from GenBank, NCBI",,2249985327
Aedes aegypti,BOLD:AAA4211,Kenya,0.689918,37.953094,,,MATERIAL_SAMPLE,"Mined from GenBank, NCBI",,2249985332
Aedes aegypti,BOLD:AAA4211,"Tanzania, United Republic of",-6.355794,34.81832,,,MATERIAL_SAMPLE,"Mined from GenBank, NCBI",,2249985387
Aedes aegypti,BOLD:AAA4211,Uganda,1.282173,32.34372,,,MATERIAL_SAMPLE,"Mined from GenBank, NCBI",,2249985390
Aedes aegypti,BOLD:AAA4211,"Tanzania, United Republic of",-6.355794,34.81832,,,MATERIAL_SAMPLE,"Mined from GenBank, NCBI",,2249985414
Aedes aegypti,BOLD:AAA4211,Kenya,0.689918,37.953094,,,MATERIAL_SAMPLE,"Mined from GenBank, NCBI",,2249985418
Aedes aegypti,BOLD:AAA4211,Kenya,0.689918,37.953094,,,MATERIAL_SAMPLE,"Mined from GenBank, NCBI",,2249985444
Aedes aegypti,BOLD:AAA4211,Kenya,0.689918,37.953094,,,MATERIAL_SAMPLE,"Mined from GenBank, NCBI",,2249985477
Aedes aegypti,BOLD:AAA4211,Kenya,0.689918,37.953094,,,MATERIAL_SAMPLE,"Mined from GenBank, NCBI",,2249985548
Aedes aegypti,BOLD:AAA4211,Kenya,-0.472,34.091,,,MATERIAL_SAMPLE,"Mined from GenBank, NCBI",,2249985551
Aedes aegypti,BOLD:AAA4211,Kenya,0.689918,37.953094,,,MATERIAL_SAMPLE,"Mined from GenBank, NCBI",,2249985604
Aedes aegypti,BOLD:AAA4211,Kenya,0.689918,37.953094,,,MATERIAL_SAMPLE,"Mined from GenBank, NCBI",,2249985610
Aedes aegypti,BOLD:AAA4211,Kenya,0.689918,37.953094,,,MATERIAL_SAMPLE,"Mined from GenBank, NCBI",,2249985613
Aedes aegypti,BOLD:AAA4211,"Tanzania, United Republic of",-6.355794,34.81832,,,MATERIAL_SAMPLE,"Mined from GenBank, NCBI",,2249985619
Aedes aegypti,BOLD:AAA4211,Kenya,0.689918,37.953094,,,MATERIAL_SAMPLE,"Mined from GenBank, NCBI",,2249985620
Aedes aegypti,BOLD:AAA4211,Kenya,0.689918,37.953094,,,MATERIAL_SAMPLE,"Mined from GenBank, NCBI",,2249985701
Aedes aegypti,BOLD:AAA4211,Kenya,0.689918,37.953094,,,MATERIAL_SAMPLE,"Mined from GenBank, NCBI",,2249985706
Aedes aegypti,BOLD:AAA4211,Kenya,0.689918,37.953094,,,MATERIAL_SAMPLE,"Mined from GenBank, NCBI",,2249985711
Aedes aegypti,BOLD:AAA4211,Kenya,0.689918,37.953094,,,MATERIAL_SAMPLE,"Mined from GenBank, NCBI",,2249985715
Aedes aegypti,BOLD:AAA4211,Uganda,1.282173,32.34372,,,MATERIAL_SAMPLE,"Mined from GenBank, NCBI",,2249985718
Aedes aegypti,BOLD:AAA4211,Kenya,0.689918,37.953094,,,MATERIAL_SAMPLE,"Mined from GenBank, NCBI",,2249985720
Aedes aegypti,BOLD:AAA4211,Kenya,0.689918,37.953094,,,MATERIAL_SAMPLE,"Mined from GenBank, NCBI",,2249985721
Aedes aegypti,BOLD:AAA4211,"Tanzania, United Republic of",-6.355794,34.81832,,,MATERIAL_SAMPLE,"Mined from GenBank, NCBI",,2249985733
Aedes aegypti,BOLD:AAA4211,Kenya,0.689918,37.953094,,,MATERIAL_SAMPLE,"Mined from GenBank, NCBI",,2249985760
Aedes aegypti,BOLD:AAA4211,Kenya,0.689918,37.953094,,,MATERIAL_SAMPLE,"Mined from GenBank, NCBI",,2249985801
Aedes aegypti,BOLD:AAA4211,Kenya,0.689918,37.953094,,,MATERIAL_SAMPLE,"Mined from GenBank, NCBI",,2249985807
Aedes aegypti,BOLD:AAA4211,Uganda,1.282173,32.34372,,,MATERIAL_SAMPLE,"Mined from GenBank, NCBI",,2249985819
Aedes aegypti,BOLD:AAA4211,Kenya,0.689918,37.953094,,,MATERIAL_SAMPLE,"Mined from GenBank, NCBI",,2249985820
Aedes aegypti,BOLD:AAA4211,Kenya,0.689918,37.953094,,,MATERIAL_SAMPLE,"Mined from GenBank, NCBI",,2249985834
Aedes aegypti,BOLD:AAA4211,Kenya,0.689918,37.953094,,,MATERIAL_SAMPLE,"Mined from GenBank, NCBI",,2249985865
Aedes aegypti,BOLD:AAA4211,Uganda,1.282173,32.34372,,,MATERIAL_SAMPLE,"Mined from GenBank, NCBI",,2249985909
Aedes aegypti,BOLD:AAA4211,Uganda,1.282173,32.34372,,,MATERIAL_SAMPLE,"Mined from GenBank, NCBI",,2249985914
Aedes aegypti,BOLD:AAA4211,Kenya,0.689918,37.953094,,,MATERIAL_SAMPLE,"Mined from GenBank, NCBI",,2249985916
Aedes aegypti,BOLD:AAA4211,Kenya,0.689918,37.953094,,,MATERIAL_SAMPLE,"Mined from GenBank, NCBI",,2249985957
Aedes aegypti,BOLD:AAA4211,Kenya,-0.472,34.091,,,MATERIAL_SAMPLE,"Mined from GenBank, NCBI",,2249985974
Aedes aegypti,BOLD:AAA4211,Kenya,0.689918,37.953094,,,MATERIAL_SAMPLE,"Mined from GenBank, NCBI",,2249986001
Aedes aegypti,BOLD:AAA4211,Uganda,1.282173,32.34372,,,MATERIAL_SAMPLE,"Mined from GenBank, NCBI",,2249986009
Aedes aegypti,BOLD:AAA4211,Kenya,0.689918,37.953094,,,MATERIAL_SAMPLE,"Mined from GenBank, NCBI",,2249986023
Aedes aegypti,BOLD:AAA4211,Kenya,0.689918,37.953094,,,MATERIAL_SAMPLE,"Mined from GenBank, NCBI",,2249986033
Aedes aegypti,BOLD:AAA4211,Kenya,0.689918,37.953094,,,MATERIAL_SAMPLE,"Mined from GenBank, NCBI",,2249986037
Aedes aegypti,BOLD:AAA4211,Kenya,0.689918,37.953094,,,MATERIAL_SAMPLE,"Mined from GenBank, NCBI",,2249986041
Aedes aegypti,BOLD:AAA4211,Uganda,1.282173,32.34372,,,MATERIAL_SAMPLE,"Mined from GenBank, NCBI",,2249986057
Aedes aegypti,BOLD:AAA4211,Kenya,0.689918,37.953094,,,MATERIAL_SAMPLE,"Mined from GenBank, NCBI",,2249986079
Aedes aegypti,BOLD:AAA4211,Kenya,0.689918,37.953094,,,MATERIAL_SAMPLE,"Mined from GenBank, NCBI",,2249986083
Aedes aegypti,BOLD:AAA4211,"Tanzania, United Republic of",-6.355794,34.81832,,,MATERIAL_SAMPLE,"Mined from GenBank, NCBI",,2249986088
Aedes aegypti,BOLD:AAA4211,Uganda,1.282173,32.34372,,,MATERIAL_SAMPLE,"Mined from GenBank, NCBI",,2249986090
Aedes aegypti,BOLD:AAA4211,Kenya,0.689918,37.953094,,,MATERIAL_SAMPLE,"Mined from GenBank, NCBI",,2249986107
Aedes aegypti,BOLD:AAA4211,"Tanzania, United Republic of",-6.355794,34.81832,,,MATERIAL_SAMPLE,"Mined from GenBank, NCBI",,2249986108
Aedes aegypti,BOLD:AAA4211,Uganda,1.282173,32.34372,,,MATERIAL_SAMPLE,"Mined from GenBank, NCBI",,2249986134
Aedes aegypti,BOLD:AAA4211,Uganda,1.282173,32.34372,,,MATERIAL_SAMPLE,"Mined from GenBank, NCBI",,2249986176
Aedes aegypti,BOLD:AAA4211,Uganda,1.282173,32.34372,,,MATERIAL_SAMPLE,"Mined from GenBank, NCBI",,2249986181
Aedes aegypti,BOLD:AAA4211,Uganda,1.282173,32.34372,,,MATERIAL_SAMPLE,"Mined from GenBank, NCBI",,2249986184
Aedes aegypti,BOLD:AAA4211,Uganda,1.282173,32.34372,,,MATERIAL_SAMPLE,"Mined from GenBank, NCBI",,2249986190
Aedes aegypti,BOLD:AAA4211,Kenya,0.689918,37.953094,,,MATERIAL_SAMPLE,"Mined from GenBank, NCBI",,2249986194
Aedes aegypti,BOLD:AAA4211,Kenya,0.689918,37.953094,,,MATERIAL_SAMPLE,"Mined from GenBank, NCBI",,2249986197
Aedes aegypti,BOLD:AAA4211,Kenya,0.689918,37.953094,,,MATERIAL_SAMPLE,"Mined from GenBank, NCBI",,2249986238
Aedes aegypti,BOLD:AAA4211,Kenya,-0.429,34.204,,,MATERIAL_SAMPLE,"Mined from GenBank, NCBI",,2249986260
Aedes aegypti,BOLD:AAA4211,Kenya,0.689918,37.953094,,,MATERIAL_SAMPLE,"Mined from GenBank, NCBI",,2249986316
Aedes aegypti,BOLD:AAA4211,Uganda,1.282173,32.34372,,,MATERIAL_SAMPLE,"Mined from GenBank, NCBI",,2249986343
Aedes aegypti,BOLD:AAA4211,Uganda,1.282173,32.34372,,,MATERIAL_SAMPLE,"Mined from GenBank, NCBI",,2249986344
Aedes aegypti,BOLD:AAA4211,Kenya,0.689918,37.953094,,,MATERIAL_SAMPLE,"Mined from GenBank, NCBI",,2249986351
Aedes aegypti,BOLD:AAA4211,Uganda,1.282173,32.34372,,,MATERIAL_SAMPLE,"Mined from GenBank, NCBI",,2249986353
Aedes aegypti,BOLD:AAA4211,Kenya,0.689918,37.953094,,,MATERIAL_SAMPLE,"Mined from GenBank, NCBI",,2249986355
Aedes aegypti,BOLD:AAA4211,Kenya,0.689918,37.953094,,,MATERIAL_SAMPLE,"Mined from GenBank, NCBI",,2249986370
Aedes aegypti,BOLD:AAA4211,Kenya,0.689918,37.953094,,,MATERIAL_SAMPLE,"Mined from GenBank, NCBI",,2249986384
Aedes aegypti,BOLD:AAA4211,Kenya,0.689918,37.953094,,,MATERIAL_SAMPLE,"Mined from GenBank, NCBI",,2249986400
Aedes aegypti,BOLD:AAA4211,Uganda,1.282173,32.34372,,,MATERIAL_SAMPLE,"Mined from GenBank, NCBI",,2249986439
Aedes aegypti,BOLD:AAA4211,Kenya,0.689918,37.953094,,,MATERIAL_SAMPLE,"Mined from GenBank, NCBI",,2249986460
Aedes aegypti,BOLD:AAA4211,Uganda,1.282173,32.34372,,,MATERIAL_SAMPLE,"Mined from GenBank, NCBI",,2249986487
Aedes aegypti,BOLD:AAA4211,Kenya,0.689918,37.953094,,,MATERIAL_SAMPLE,"Mined from GenBank, NCBI",,2249986514
Aedes aegypti,BOLD:AAA4211,"Tanzania, United Republic of",-6.355794,34.81832,,,MATERIAL_SAMPLE,"Mined from GenBank, NCBI",,2249986546
Aedes aegypti,BOLD:AAA4211,Uganda,1.282173,32.34372,,,MATERIAL_SAMPLE,"Mined from GenBank, NCBI",,2249986551
Aedes aegypti,BOLD:AAA4211,Uganda,1.282173,32.34372,,,MATERIAL_SAMPLE,"Mined from GenBank, NCBI",,2249986610
Aedes aegypti,BOLD:AAA4211,Uganda,1.282173,32.34372,,,MATERIAL_SAMPLE,"Mined from GenBank, NCBI",,2249986611
Aedes aegypti,BOLD:AAA4211,Kenya,0.689918,37.953094,,,MATERIAL_SAMPLE,"Mined from GenBank, NCBI",,2249986631
Aedes aegypti,BOLD:AAA4211,"Tanzania, United Republic of",-6.355794,34.81832,,,MATERIAL_SAMPLE,"Mined from GenBank, NCBI",,2249986647
Aedes aegypti,BOLD:AAA4211,"Tanzania, United Republic of",-6.355794,34.81832,,,MATERIAL_SAMPLE,"Mined from GenBank, NCBI",,2249986705
Aedes aegypti,BOLD:AAA4211,Kenya,0.689918,37.953094,,,MATERIAL_SAMPLE,"Mined from GenBank, NCBI",,2249986746
Aedes aegypti,BOLD:AAA4211,Kenya,0.689918,37.953094,,,MATERIAL_SAMPLE,"Mined from GenBank, NCBI",,2249986755
Aedes aegypti,BOLD:AAA4211,Kenya,0.689918,37.953094,,,MATERIAL_SAMPLE,"Mined from GenBank, NCBI",,2249986763
Aedes aegypti,BOLD:AAA4211,Kenya,0.689918,37.953094,,,MATERIAL_SAMPLE,"Mined from GenBank, NCBI",,2249986824
Aedes aegypti,BOLD:AAA4211,Kenya,0.689918,37.953094,,,MATERIAL_SAMPLE,"Mined from GenBank, NCBI",,2249986888
Aedes aegypti,BOLD:AAA4211,Kenya,0.689918,37.953094,,,MATERIAL_SAMPLE,"Mined from GenBank, NCBI",,2249986908
Aedes aegypti,BOLD:AAA4211,Uganda,1.282173,32.34372,,,MATERIAL_SAMPLE,"Mined from GenBank, NCBI",,2249986943
Aedes aegypti,BOLD:AAA4211,"Tanzania, United Republic of",-6.355794,34.81832,,,MATERIAL_SAMPLE,"Mined from GenBank, NCBI",,2249986968
Aedes aegypti,BOLD:AAA4211,"Tanzania, United Republic of",-6.355794,34.81832,,,MATERIAL_SAMPLE,"Mined from GenBank, NCBI",,2249986979
Aedes aegypti,BOLD:AAA4211,Uganda,1.282173,32.34372,,,MATERIAL_SAMPLE,"Mined from GenBank, NCBI",,2249986980
Aedes aegypti,BOLD:AAA4211,Kenya,0.6899,37.9531,,,MATERIAL_SAMPLE,"Mined from GenBank, NCBI",,2979489501
